movieNo,movieName
23663,만약에 우리
23649,아바타: 불과 재
23510,신의악단
23497,주토피아 2
23712,"오늘 밤, 세계에서 이 사랑이 사라진다 해도"
23659,화양연화 특별판
23680,마이 선샤인
23580,극장판 짱구는 못말려: 초화려! 작열하는 떡잎마을 댄서즈
23425,톰과 제리: 황금나침반 대소동
23579,피렌체
23769,굿 포츈
23720,파더 마더 시스터 브라더
23715,부흥
23742,라스베가스를 떠나며
23656,하나 그리고 둘
23748,이머시브 시네마: 뽀로로 극장판 스위트캐슬 대모험
23650,여행과 나날
23771,호두까기인형
23481,극장판 주술회전: 시부야사변 X 사멸회유
23766,어리석은 자는 누구인가
13159,타샤 튜더
23677,석류의 빛깔
23684,슈퍼 해피 포에버
23375,위키드: 포 굿
23508,뽀로로 극장판 스위트캐슬 대모험
23018,스폰지밥 무비: 네모바지를 찾아서
23400,국보
23582,바늘을 든 소녀
23507,속초에서의 겨울
23641,파리, 밤의 여행자들
23175,극장판 체인소 맨: 레제편
23326,윗집 사람들
23577,척의 일생
22805,프레디의 피자가게 2
23634,허들
23438,나우 유 씨 미 3
23399,더 러닝 맨
23746,하트맨
23791,"신비아파트 10주년 극장판: 한 번 더, 소환"
23776,고고다이노 극장판: 곤충세계 대모험
19344,더 퍼스트 슬램덩크
23789,보이
23777,송 썽 블루
23683,리틀 아멜리
23703,튜즈데이
23834,굿 포 낫씽
